﻿<?xml version="1.0" encoding="utf-8"?>
<TextureAtlas imagePath="hellbob_assets.png">
	<!-- Created with Adobe Animate version 19.0.0.326 -->
	<!-- http://www.adobe.com/products/animate.html -->
	<SubTexture name="bobismad0000" x="0" y="0" width="265" height="380"/>
	<SubTexture name="bobismad0001" x="0" y="0" width="265" height="380"/>
	<SubTexture name="bobismad0002" x="0" y="0" width="265" height="380"/>
	<SubTexture name="bobismad0003" x="265" y="0" width="265" height="380"/>
	<SubTexture name="bobismad0004" x="265" y="0" width="265" height="380"/>
	<SubTexture name="bobismad0005" x="265" y="0" width="265" height="380"/>
	<SubTexture name="bobismad0006" x="530" y="0" width="265" height="380"/>
	<SubTexture name="bobismad0007" x="795" y="0" width="265" height="380"/>
	<SubTexture name="bobismad0008" x="1060" y="0" width="265" height="380"/>
	<SubTexture name="bobismad0009" x="1060" y="0" width="265" height="380"/>
	<SubTexture name="bobismad0010" x="1325" y="0" width="265" height="380"/>
	<SubTexture name="bobismad0011" x="1590" y="0" width="265" height="380"/>
	<SubTexture name="bobismad0012" x="1325" y="0" width="265" height="380"/>
	<SubTexture name="bobismad0013" x="1325" y="0" width="265" height="380"/>
	<SubTexture name="bobismad0014" x="1325" y="0" width="265" height="380"/>
	<SubTexture name="bobismad0015" x="1325" y="0" width="265" height="380"/>
	<SubTexture name="bobismad0016" x="1325" y="0" width="265" height="380"/>
	<SubTexture name="bobismad0017" x="1325" y="0" width="265" height="380"/>
	<SubTexture name="bobismad0018" x="0" y="380" width="265" height="380"/>
	<SubTexture name="bobismad0019" x="265" y="380" width="265" height="380"/>
	<SubTexture name="bobismad0020" x="0" y="380" width="265" height="380"/>
	<SubTexture name="bobismad0021" x="530" y="380" width="265" height="380"/>
	<SubTexture name="bobismad0022" x="530" y="0" width="265" height="380"/>
	<SubTexture name="bobismad0023" x="795" y="380" width="265" height="380"/>
	<SubTexture name="bobismad0024" x="1060" y="380" width="265" height="380"/>
	<SubTexture name="bobismad0025" x="1325" y="380" width="265" height="380"/>
	<SubTexture name="bobismad0026" x="1325" y="380" width="265" height="380"/>
	<SubTexture name="bobismad0027" x="1590" y="380" width="265" height="380"/>
	<SubTexture name="bobismad0028" x="1590" y="380" width="265" height="380"/>
	<SubTexture name="bobismad0029" x="0" y="760" width="265" height="380"/>
	<SubTexture name="bobismad0030" x="0" y="760" width="265" height="380"/>
	<SubTexture name="bobismad0031" x="0" y="760" width="265" height="380"/>
	<SubTexture name="bobismad0032" x="265" y="760" width="265" height="380"/>
	<SubTexture name="bobismad0033" x="530" y="760" width="265" height="380"/>
	<SubTexture name="bobismad0034" x="795" y="760" width="265" height="380"/>
	<SubTexture name="bobismad0035" x="795" y="760" width="265" height="380"/>
	<SubTexture name="bobismad0036" x="795" y="760" width="265" height="380"/>
	<SubTexture name="bobismad0037" x="1060" y="760" width="265" height="380"/>
	<SubTexture name="bobismad0038" x="795" y="760" width="265" height="380"/>
	<SubTexture name="bobismad0039" x="1325" y="760" width="265" height="380"/>
	<SubTexture name="bobismad0040" x="1325" y="760" width="265" height="380"/>
	<SubTexture name="bobismad0041" x="1325" y="760" width="265" height="380"/>
	<SubTexture name="bobismad0042" x="1590" y="760" width="265" height="380"/>
	<SubTexture name="bobismad0043" x="1590" y="760" width="265" height="380"/>
	<SubTexture name="bobismad0044" x="1590" y="760" width="265" height="380"/>
	<SubTexture name="bobismad0045" x="0" y="1140" width="265" height="380"/>
	<SubTexture name="bobismad0046" x="265" y="1140" width="265" height="380"/>
	<SubTexture name="bobismad0047" x="530" y="1140" width="265" height="380"/>
	<SubTexture name="bobismad0048" x="795" y="1140" width="265" height="380"/>
	<SubTexture name="bobismad0049" x="530" y="1140" width="265" height="380"/>
	<SubTexture name="bobismad0050" x="530" y="1140" width="265" height="380"/>
	<SubTexture name="bobismad0051" x="1060" y="1140" width="265" height="380"/>
	<SubTexture name="bobismad0052" x="1325" y="1140" width="265" height="380"/>
	<SubTexture name="bobismad0053" x="1325" y="1140" width="265" height="380"/>
	<SubTexture name="bobismad0054" x="1590" y="1140" width="265" height="380"/>
	<SubTexture name="bobismad0055" x="1590" y="1140" width="265" height="380"/>
	<SubTexture name="bobismad0056" x="1590" y="1140" width="265" height="380"/>
	<SubTexture name="bobismad0057" x="1590" y="1140" width="265" height="380"/>
	<SubTexture name="bobismad0058" x="0" y="1520" width="265" height="380"/>
	<SubTexture name="bobismad0059" x="0" y="1520" width="265" height="380"/>
	<SubTexture name="bobismad0060" x="0" y="1520" width="265" height="380"/>
	<SubTexture name="bobismad0061" x="265" y="1520" width="265" height="380"/>
	<SubTexture name="bobismad0062" x="265" y="1520" width="265" height="380"/>
	<SubTexture name="bobismad0063" x="265" y="1520" width="265" height="380"/>
	<SubTexture name="bobismad0064" x="0" y="1520" width="265" height="380"/>
	<SubTexture name="bobismad0065" x="0" y="1520" width="265" height="380"/>
	<SubTexture name="bobismad0066" x="0" y="1520" width="265" height="380"/>
	<SubTexture name="bobismad0067" x="0" y="1520" width="265" height="380"/>
	<SubTexture name="bobismad0068" x="530" y="1520" width="265" height="380"/>
	<SubTexture name="bobismad0069" x="795" y="1520" width="265" height="380"/>
	<SubTexture name="bobismad0070" x="1060" y="1520" width="265" height="380"/>
	<SubTexture name="bobismad0071" x="1325" y="1520" width="265" height="380"/>
	<SubTexture name="bobismad0072" x="1590" y="1520" width="265" height="380"/>
	<SubTexture name="bobismad0073" x="0" y="1900" width="265" height="380"/>
	<SubTexture name="bobismad0074" x="265" y="1900" width="265" height="380"/>
	<SubTexture name="bobismad0075" x="265" y="1900" width="265" height="380"/>
	<SubTexture name="bobismad0076" x="265" y="1900" width="265" height="380"/>
	<SubTexture name="bobismad0077" x="530" y="1900" width="265" height="380"/>
	<SubTexture name="bobismad0078" x="795" y="1900" width="265" height="380"/>
	<SubTexture name="bobismad0079" x="1060" y="1900" width="265" height="380"/>
	<SubTexture name="bobismad0080" x="1325" y="1900" width="265" height="380"/>
	<SubTexture name="bobismad0081" x="1590" y="1900" width="265" height="380"/>
	<SubTexture name="bobismad0082" x="0" y="2280" width="265" height="380"/>
	<SubTexture name="bobismad0083" x="265" y="2280" width="265" height="380"/>
	<SubTexture name="bobismad0084" x="530" y="2280" width="265" height="380"/>
	<SubTexture name="bobismad0085" x="795" y="2280" width="265" height="380"/>
	<SubTexture name="bobismad0086" x="1060" y="2280" width="265" height="380"/>
	<SubTexture name="bobismad0087" x="1325" y="2280" width="265" height="380"/>
	<SubTexture name="bobismad0088" x="1325" y="2280" width="265" height="380"/>
	<SubTexture name="bobismad0089" x="1325" y="2280" width="265" height="380"/>
	<SubTexture name="bobismad0090" x="0" y="0" width="265" height="380"/>
	<SubTexture name="bobismad0091" x="530" y="380" width="265" height="380"/>
	<SubTexture name="bobismad0092" x="530" y="380" width="265" height="380"/>
	<SubTexture name="bobismad0093" x="0" y="0" width="265" height="380"/>
</TextureAtlas>
